major_code,major_title,professional_code,professional_title,code_type_referentiel,rome_code,rome_title
A,"Agriculture et Pêche, Espaces naturels et Espaces verts, Soins aux animaux",A11,Engins agricoles et forestiers,6,A1101,Conduite d'engins agricoles et forestiers
A,"Agriculture et Pêche, Espaces naturels et Espaces verts, Soins aux animaux",A12,Espaces naturels et espaces verts,6,A1201,Bûcheronnage et élagage
A,"Agriculture et Pêche, Espaces naturels et Espaces verts, Soins aux animaux",A12,Espaces naturels et espaces verts,6,A1202,Entretien des espaces naturels
A,"Agriculture et Pêche, Espaces naturels et Espaces verts, Soins aux animaux",A12,Espaces naturels et espaces verts,6,A1203,Aménagement et entretien des espaces verts
A,"Agriculture et Pêche, Espaces naturels et Espaces verts, Soins aux animaux",A12,Espaces naturels et espaces verts,6,A1204,Protection du patrimoine naturel
A,"Agriculture et Pêche, Espaces naturels et Espaces verts, Soins aux animaux",A12,Espaces naturels et espaces verts,6,A1205,Sylviculture
A,"Agriculture et Pêche, Espaces naturels et Espaces verts, Soins aux animaux",A13,Etudes et assistance technique,6,A1301,Conseil et assistance technique en agriculture et environnement naturel
A,"Agriculture et Pêche, Espaces naturels et Espaces verts, Soins aux animaux",A13,Etudes et assistance technique,6,A1302,Contrôle et diagnostic technique en agriculture
A,"Agriculture et Pêche, Espaces naturels et Espaces verts, Soins aux animaux",A13,Etudes et assistance technique,6,A1303,Ingénierie en agriculture et environnement naturel
A,"Agriculture et Pêche, Espaces naturels et Espaces verts, Soins aux animaux",A14,Production,6,A1401,Aide agricole de production fruitière ou viticole
A,"Agriculture et Pêche, Espaces naturels et Espaces verts, Soins aux animaux",A14,Production,6,A1402,Aide agricole de production légumière ou végétale
A,"Agriculture et Pêche, Espaces naturels et Espaces verts, Soins aux animaux",A14,Production,6,A1403,Aide d'élevage agricole et aquacole
A,"Agriculture et Pêche, Espaces naturels et Espaces verts, Soins aux animaux",A14,Production,6,A1404,Aquaculture
A,"Agriculture et Pêche, Espaces naturels et Espaces verts, Soins aux animaux",A14,Production,6,A1405,Arboriculture et viticulture
A,"Agriculture et Pêche, Espaces naturels et Espaces verts, Soins aux animaux",A14,Production,6,A1406,Encadrement équipage de la pêche
A,"Agriculture et Pêche, Espaces naturels et Espaces verts, Soins aux animaux",A14,Production,6,A1407,Élevage bovin ou équin
A,"Agriculture et Pêche, Espaces naturels et Espaces verts, Soins aux animaux",A14,Production,6,A1408,Élevage d'animaux sauvages ou de compagnie
A,"Agriculture et Pêche, Espaces naturels et Espaces verts, Soins aux animaux",A14,Production,6,A1409,Élevage de lapins et volailles
A,"Agriculture et Pêche, Espaces naturels et Espaces verts, Soins aux animaux",A14,Production,6,A1410,Élevage ovin ou caprin
A,"Agriculture et Pêche, Espaces naturels et Espaces verts, Soins aux animaux",A14,Production,6,A1411,Élevage porcin
A,"Agriculture et Pêche, Espaces naturels et Espaces verts, Soins aux animaux",A14,Production,6,A1412,Fabrication et affinage de fromages
A,"Agriculture et Pêche, Espaces naturels et Espaces verts, Soins aux animaux",A14,Production,6,A1413,Fermentation de boissons alcoolisées
A,"Agriculture et Pêche, Espaces naturels et Espaces verts, Soins aux animaux",A14,Production,6,A1414,Horticulture et maraîchage
A,"Agriculture et Pêche, Espaces naturels et Espaces verts, Soins aux animaux",A14,Production,6,A1415,Équipage de la pêche
A,"Agriculture et Pêche, Espaces naturels et Espaces verts, Soins aux animaux",A14,Production,6,A1416,"Polyculture, élevage"
A,"Agriculture et Pêche, Espaces naturels et Espaces verts, Soins aux animaux",A14,Production,6,A1417,Saliculture
A,"Agriculture et Pêche, Espaces naturels et Espaces verts, Soins aux animaux",A15,Soins aux animaux,6,A1501,Aide aux soins animaux
A,"Agriculture et Pêche, Espaces naturels et Espaces verts, Soins aux animaux",A15,Soins aux animaux,6,A1502,Podologie animale
A,"Agriculture et Pêche, Espaces naturels et Espaces verts, Soins aux animaux",A15,Soins aux animaux,6,A1503,Toilettage des animaux
A,"Agriculture et Pêche, Espaces naturels et Espaces verts, Soins aux animaux",A15,Soins aux animaux,6,A1504,Santé animale
B,Arts et Façonnage d'ouvrages d'art,B11,Arts plastiques,6,B1101,Création en arts plastiques
B,Arts et Façonnage d'ouvrages d'art,B12,Céramique,6,B1201,Réalisation d'objets décoratifs et utilitaires en céramique et matériaux de synthèse
B,Arts et Façonnage d'ouvrages d'art,B13,Décoration,6,B1301,Décoration d'espaces de vente et d'exposition
B,Arts et Façonnage d'ouvrages d'art,B13,Décoration,6,B1302,Décoration d'objets d'art et artisanaux
B,Arts et Façonnage d'ouvrages d'art,B13,Décoration,6,B1303,Gravure - ciselure
B,Arts et Façonnage d'ouvrages d'art,B14,Fibres et papier,6,B1401,"Réalisation d'objets en lianes, fibres et brins végétaux"
B,Arts et Façonnage d'ouvrages d'art,B14,Fibres et papier,6,B1402,Reliure et restauration de livres et archives
B,Arts et Façonnage d'ouvrages d'art,B15,Instruments de musique,6,B1501,Fabrication et réparation d'instruments de musique
B,Arts et Façonnage d'ouvrages d'art,B16,"Métal, verre, bijouterie et horlogerie",6,B1601,Métallerie d'art
B,Arts et Façonnage d'ouvrages d'art,B16,"Métal, verre, bijouterie et horlogerie",6,B1602,Réalisation d'objets artistiques et fonctionnels en verre
B,Arts et Façonnage d'ouvrages d'art,B16,"Métal, verre, bijouterie et horlogerie",6,B1603,"Réalisation d'ouvrages en bijouterie, joaillerie et orfèvrerie"
B,Arts et Façonnage d'ouvrages d'art,B16,"Métal, verre, bijouterie et horlogerie",6,B1604,Réparation - montage en systèmes horlogers
B,Arts et Façonnage d'ouvrages d'art,B17,Taxidermie,6,B1701,Conservation et reconstitution d'espèces animales
B,Arts et Façonnage d'ouvrages d'art,B18,Tissu et cuirs,6,B1801,Réalisation d'articles de chapellerie
B,Arts et Façonnage d'ouvrages d'art,B18,Tissu et cuirs,6,B1802,Réalisation d'articles en cuir et matériaux souples (hors vêtement)
B,Arts et Façonnage d'ouvrages d'art,B18,Tissu et cuirs,6,B1803,Réalisation de vêtements sur mesure ou en petite série
B,Arts et Façonnage d'ouvrages d'art,B18,Tissu et cuirs,6,B1804,Réalisation d'ouvrages d'art en fils
B,Arts et Façonnage d'ouvrages d'art,B18,Tissu et cuirs,6,B1805,Stylisme
B,Arts et Façonnage d'ouvrages d'art,B18,Tissu et cuirs,6,B1806,Tapisserie - décoration en ameublement
C,"Banque, Assurance, Immobilier",C11,Assurance,6,C1101,Conception - développement produits d'assurances
C,"Banque, Assurance, Immobilier",C11,Assurance,6,C1102,Conseil clientèle en assurances
C,"Banque, Assurance, Immobilier",C11,Assurance,6,C1103,Courtage en assurances
C,"Banque, Assurance, Immobilier",C11,Assurance,6,C1104,Direction d'exploitation en assurances
C,"Banque, Assurance, Immobilier",C11,Assurance,6,C1105,Études actuarielles en assurances
C,"Banque, Assurance, Immobilier",C11,Assurance,6,C1106,Expertise risques en assurances
C,"Banque, Assurance, Immobilier",C11,Assurance,6,C1107,Indemnisations en assurances
C,"Banque, Assurance, Immobilier",C11,Assurance,6,C1108,Management de groupe et de service en assurances
C,"Banque, Assurance, Immobilier",C11,Assurance,6,C1109,Rédaction et gestion en assurances
C,"Banque, Assurance, Immobilier",C11,Assurance,6,C1110,Souscription d'assurances
C,"Banque, Assurance, Immobilier",C12,Banque,6,C1201,Accueil et services bancaires
C,"Banque, Assurance, Immobilier",C12,Banque,6,C1202,Analyse de crédits et risques bancaires
C,"Banque, Assurance, Immobilier",C12,Banque,6,C1203,Relation clients banque/finance
C,"Banque, Assurance, Immobilier",C12,Banque,6,C1204,Conception et expertise produits bancaires et financiers
C,"Banque, Assurance, Immobilier",C12,Banque,6,C1205,Conseil en gestion de patrimoine financier
C,"Banque, Assurance, Immobilier",C12,Banque,6,C1206,Gestion de clientèle bancaire
C,"Banque, Assurance, Immobilier",C12,Banque,6,C1207,Management en exploitation bancaire
C,"Banque, Assurance, Immobilier",C13,Finance,6,C1301,Front office marchés financiers
C,"Banque, Assurance, Immobilier",C13,Finance,6,C1302,Gestion back et middle-office marchés financiers
C,"Banque, Assurance, Immobilier",C13,Finance,6,C1303,Gestion de portefeuilles sur les marchés financiers
C,"Banque, Assurance, Immobilier",C14,Gestion administrative banque et assurances,6,C1401,Gestion en banque et assurance
C,"Banque, Assurance, Immobilier",C15,Immobilier,6,C1501,Gérance immobilière
C,"Banque, Assurance, Immobilier",C15,Immobilier,6,C1502,Gestion locative immobilière
C,"Banque, Assurance, Immobilier",C15,Immobilier,6,C1503,Management de projet immobilier
C,"Banque, Assurance, Immobilier",C15,Immobilier,6,C1504,Transaction immobilière
D,"Commerce, Vente et Grande distribution",D11,Commerce alimentaire et métiers de bouche,6,D1101,Boucherie
D,"Commerce, Vente et Grande distribution",D11,Commerce alimentaire et métiers de bouche,6,D1102,Boulangerie - viennoiserie
D,"Commerce, Vente et Grande distribution",D11,Commerce alimentaire et métiers de bouche,6,D1103,Charcuterie - traiteur
D,"Commerce, Vente et Grande distribution",D11,Commerce alimentaire et métiers de bouche,6,D1104,"Pâtisserie, confiserie, chocolaterie et glacerie"
D,"Commerce, Vente et Grande distribution",D11,Commerce alimentaire et métiers de bouche,6,D1105,Poissonnerie
D,"Commerce, Vente et Grande distribution",D11,Commerce alimentaire et métiers de bouche,6,D1106,Vente en alimentation
D,"Commerce, Vente et Grande distribution",D11,Commerce alimentaire et métiers de bouche,6,D1107,Vente en gros de produits frais
D,"Commerce, Vente et Grande distribution",D12,Commerce non alimentaire et de prestations de confort,6,D1201,"Achat vente d'objets d'art, anciens ou d'occasion"
D,"Commerce, Vente et Grande distribution",D12,Commerce non alimentaire et de prestations de confort,6,D1202,Coiffure
D,"Commerce, Vente et Grande distribution",D12,Commerce non alimentaire et de prestations de confort,6,D1203,Hydrothérapie
D,"Commerce, Vente et Grande distribution",D12,Commerce non alimentaire et de prestations de confort,6,D1204,Location de véhicules ou de matériel de loisirs
D,"Commerce, Vente et Grande distribution",D12,Commerce non alimentaire et de prestations de confort,6,D1205,Nettoyage d'articles textiles ou cuirs
D,"Commerce, Vente et Grande distribution",D12,Commerce non alimentaire et de prestations de confort,6,D1206,Réparation d'articles en cuir et matériaux souples
D,"Commerce, Vente et Grande distribution",D12,Commerce non alimentaire et de prestations de confort,6,D1207,Retouches en habillement
D,"Commerce, Vente et Grande distribution",D12,Commerce non alimentaire et de prestations de confort,6,D1208,Soins esthétiques et corporels
D,"Commerce, Vente et Grande distribution",D12,Commerce non alimentaire et de prestations de confort,6,D1209,Vente de végétaux
D,"Commerce, Vente et Grande distribution",D12,Commerce non alimentaire et de prestations de confort,6,D1210,Vente en animalerie
D,"Commerce, Vente et Grande distribution",D12,Commerce non alimentaire et de prestations de confort,6,D1211,Vente en articles de sport et loisirs
D,"Commerce, Vente et Grande distribution",D12,Commerce non alimentaire et de prestations de confort,6,D1212,Vente en décoration et équipement du foyer
D,"Commerce, Vente et Grande distribution",D12,Commerce non alimentaire et de prestations de confort,6,D1213,Vente en gros de matériel et équipement
D,"Commerce, Vente et Grande distribution",D12,Commerce non alimentaire et de prestations de confort,6,D1214,Vente en habillement et accessoires de la personne
D,"Commerce, Vente et Grande distribution",D13,Direction de magasin de détail,6,D1301,Management de magasin de détail
D,"Commerce, Vente et Grande distribution",D14,Force de vente,6,D1401,Assistanat commercial
D,"Commerce, Vente et Grande distribution",D14,Force de vente,6,D1402,Relation commerciale grands comptes et entreprises
D,"Commerce, Vente et Grande distribution",D14,Force de vente,6,D1403,Relation commerciale auprès de particuliers
D,"Commerce, Vente et Grande distribution",D14,Force de vente,6,D1404,Relation commerciale en vente de véhicules
D,"Commerce, Vente et Grande distribution",D14,Force de vente,6,D1405,Conseil en information médicale
D,"Commerce, Vente et Grande distribution",D14,Force de vente,6,D1406,Management en force de vente
D,"Commerce, Vente et Grande distribution",D14,Force de vente,6,D1407,Relation technico-commerciale
D,"Commerce, Vente et Grande distribution",D14,Force de vente,6,D1408,Téléconseil et télévente
D,"Commerce, Vente et Grande distribution",D15,Grande distribution,6,D1501,Animation de vente
D,"Commerce, Vente et Grande distribution",D15,Grande distribution,6,D1502,Management/gestion de rayon produits alimentaires
D,"Commerce, Vente et Grande distribution",D15,Grande distribution,6,D1503,Management/gestion de rayon produits non alimentaires
D,"Commerce, Vente et Grande distribution",D15,Grande distribution,6,D1504,Direction de magasin de grande distribution
D,"Commerce, Vente et Grande distribution",D15,Grande distribution,6,D1505,Personnel de caisse
D,"Commerce, Vente et Grande distribution",D15,Grande distribution,6,D1506,Marchandisage
D,"Commerce, Vente et Grande distribution",D15,Grande distribution,6,D1507,Mise en rayon libre-service
D,"Commerce, Vente et Grande distribution",D15,Grande distribution,6,D1508,Encadrement du personnel de caisses
D,"Commerce, Vente et Grande distribution",D15,Grande distribution,6,D1509,Management de département en grande distribution
E,"Communication, Média et Multimédia",E11,Edition et communication,6,E1101,Animation de site multimédia
E,"Communication, Média et Multimédia",E11,Edition et communication,6,E1102,"Écriture d'ouvrages, de livres"
E,"Communication, Média et Multimédia",E11,Edition et communication,6,E1103,Communication
E,"Communication, Média et Multimédia",E11,Edition et communication,6,E1104,Conception de contenus multimédias
E,"Communication, Média et Multimédia",E11,Edition et communication,6,E1105,Coordination d'édition
E,"Communication, Média et Multimédia",E11,Edition et communication,6,E1106,Journalisme et information média
E,"Communication, Média et Multimédia",E11,Edition et communication,6,E1107,Organisation d'évènementiel
E,"Communication, Média et Multimédia",E11,Edition et communication,6,E1108,"Traduction, interprétariat"
E,"Communication, Média et Multimédia",E12,Images et sons,6,E1201,Photographie
E,"Communication, Média et Multimédia",E12,Images et sons,6,E1202,Production en laboratoire cinématographique
E,"Communication, Média et Multimédia",E12,Images et sons,6,E1203,Production en laboratoire photographique
E,"Communication, Média et Multimédia",E12,Images et sons,6,E1204,Projection cinéma
E,"Communication, Média et Multimédia",E12,Images et sons,6,E1205,Réalisation de contenus multimédias
E,"Communication, Média et Multimédia",E13,Industries graphiques,6,E1301,Conduite de machines d'impression
E,"Communication, Média et Multimédia",E13,Industries graphiques,6,E1302,Conduite de machines de façonnage routage
E,"Communication, Média et Multimédia",E13,Industries graphiques,6,E1303,Encadrement des industries graphiques
E,"Communication, Média et Multimédia",E13,Industries graphiques,6,E1304,Façonnage et routage
E,"Communication, Média et Multimédia",E13,Industries graphiques,6,E1305,Préparation et correction en édition et presse
E,"Communication, Média et Multimédia",E13,Industries graphiques,6,E1306,Prépresse
E,"Communication, Média et Multimédia",E13,Industries graphiques,6,E1307,Reprographie
E,"Communication, Média et Multimédia",E13,Industries graphiques,6,E1308,Intervention technique en industrie graphique
E,"Communication, Média et Multimédia",E14,Publicité,6,E1401,Développement et promotion publicitaire
E,"Communication, Média et Multimédia",E14,Publicité,6,E1402,Élaboration de plan média
F,"Construction, Bâtiment et Travaux publics",F11,Conception et études,6,F1101,Architecture du BTP et du paysage
F,"Construction, Bâtiment et Travaux publics",F11,Conception et études,6,F1102,Conception - aménagement d'espaces intérieurs
F,"Construction, Bâtiment et Travaux publics",F11,Conception et études,6,F1103,Contrôle et diagnostic technique du bâtiment
F,"Construction, Bâtiment et Travaux publics",F11,Conception et études,6,F1104,Dessin BTP et paysage
F,"Construction, Bâtiment et Travaux publics",F11,Conception et études,6,F1105,Études géologiques
F,"Construction, Bâtiment et Travaux publics",F11,Conception et études,6,F1106,Ingénierie et études du BTP
F,"Construction, Bâtiment et Travaux publics",F11,Conception et études,6,F1107,Mesures topographiques
F,"Construction, Bâtiment et Travaux publics",F11,Conception et études,6,F1108,Métré de la construction
F,"Construction, Bâtiment et Travaux publics",F12,Conduite et encadrement de chantier - travaux,6,F1201,Conduite de travaux du BTP et de travaux paysagers
F,"Construction, Bâtiment et Travaux publics",F12,Conduite et encadrement de chantier - travaux,6,F1202,Direction de chantier du BTP
F,"Construction, Bâtiment et Travaux publics",F12,Conduite et encadrement de chantier - travaux,6,F1203,Direction et ingénierie d'exploitation de gisements et de carrières
F,"Construction, Bâtiment et Travaux publics",F12,Conduite et encadrement de chantier - travaux,6,F1204,Qualité Sécurité Environnement et protection santé du BTP
F,"Construction, Bâtiment et Travaux publics",F13,Engins de chantier,6,F1301,Conduite de grue
F,"Construction, Bâtiment et Travaux publics",F13,Engins de chantier,6,F1302,Conduite d'engins de terrassement et de carrière
F,"Construction, Bâtiment et Travaux publics",F14,Extraction,6,F1401,Extraction liquide et gazeuse
F,"Construction, Bâtiment et Travaux publics",F14,Extraction,6,F1402,Extraction solide
F,"Construction, Bâtiment et Travaux publics",F15,Montage de structures,6,F1501,Montage de structures et de charpentes bois
F,"Construction, Bâtiment et Travaux publics",F15,Montage de structures,6,F1502,Montage de structures métalliques
F,"Construction, Bâtiment et Travaux publics",F15,Montage de structures,6,F1503,Réalisation - installation d'ossatures bois
F,"Construction, Bâtiment et Travaux publics",F16,Second oeuvre,6,F1601,"Application et décoration en plâtre, stuc et staff"
F,"Construction, Bâtiment et Travaux publics",F16,Second oeuvre,6,F1602,Électricité bâtiment
F,"Construction, Bâtiment et Travaux publics",F16,Second oeuvre,6,F1603,Installation d'équipements sanitaires et thermiques
F,"Construction, Bâtiment et Travaux publics",F16,Second oeuvre,6,F1604,Montage d'agencements
F,"Construction, Bâtiment et Travaux publics",F16,Second oeuvre,6,F1605,Montage de réseaux électriques et télécoms
F,"Construction, Bâtiment et Travaux publics",F16,Second oeuvre,6,F1606,Peinture en bâtiment
F,"Construction, Bâtiment et Travaux publics",F16,Second oeuvre,6,F1607,Pose de fermetures menuisées
F,"Construction, Bâtiment et Travaux publics",F16,Second oeuvre,6,F1608,Pose de revêtements rigides
F,"Construction, Bâtiment et Travaux publics",F16,Second oeuvre,6,F1609,Pose de revêtements souples
F,"Construction, Bâtiment et Travaux publics",F16,Second oeuvre,6,F1610,Pose et restauration de couvertures
F,"Construction, Bâtiment et Travaux publics",F16,Second oeuvre,6,F1611,Réalisation et restauration de façades
F,"Construction, Bâtiment et Travaux publics",F16,Second oeuvre,6,F1612,Taille et décoration de pierres
F,"Construction, Bâtiment et Travaux publics",F16,Second oeuvre,6,F1613,Travaux d'étanchéité et d'isolation
F,"Construction, Bâtiment et Travaux publics",F17,Travaux et gros oeuvre,6,F1701,Construction en béton
F,"Construction, Bâtiment et Travaux publics",F17,Travaux et gros oeuvre,6,F1702,Construction de routes et voies
F,"Construction, Bâtiment et Travaux publics",F17,Travaux et gros oeuvre,6,F1703,Maçonnerie
F,"Construction, Bâtiment et Travaux publics",F17,Travaux et gros oeuvre,6,F1704,Préparation du gros oeuvre et des travaux publics
F,"Construction, Bâtiment et Travaux publics",F17,Travaux et gros oeuvre,6,F1705,Pose de canalisations
F,"Construction, Bâtiment et Travaux publics",F17,Travaux et gros oeuvre,6,F1706,Préfabrication en béton industriel
G,"Hôtellerie-Restauration, Tourisme, Loisirs et Animation",G11,Accueil et promotion touristique,6,G1101,Accueil touristique
G,"Hôtellerie-Restauration, Tourisme, Loisirs et Animation",G11,Accueil et promotion touristique,6,G1102,Promotion du tourisme local
G,"Hôtellerie-Restauration, Tourisme, Loisirs et Animation",G12,Animation d'activités de loisirs,6,G1201,"Accompagnement de voyages, d'activités culturelles ou sportives"
G,"Hôtellerie-Restauration, Tourisme, Loisirs et Animation",G12,Animation d'activités de loisirs,6,G1202,Animation d'activités culturelles ou ludiques
G,"Hôtellerie-Restauration, Tourisme, Loisirs et Animation",G12,Animation d'activités de loisirs,6,G1203,Animation de loisirs auprès d'enfants ou d'adolescents
G,"Hôtellerie-Restauration, Tourisme, Loisirs et Animation",G12,Animation d'activités de loisirs,6,G1204,Éducation en activités sportives
G,"Hôtellerie-Restauration, Tourisme, Loisirs et Animation",G12,Animation d'activités de loisirs,6,G1205,Personnel d'attractions ou de structures de loisirs
G,"Hôtellerie-Restauration, Tourisme, Loisirs et Animation",G12,Animation d'activités de loisirs,6,G1206,Personnel technique des jeux
G,"Hôtellerie-Restauration, Tourisme, Loisirs et Animation",G13,"Conception, commercialisation et vente de produits touristiques",6,G1301,Conception de produits touristiques
G,"Hôtellerie-Restauration, Tourisme, Loisirs et Animation",G13,"Conception, commercialisation et vente de produits touristiques",6,G1302,Optimisation de produits touristiques
G,"Hôtellerie-Restauration, Tourisme, Loisirs et Animation",G13,"Conception, commercialisation et vente de produits touristiques",6,G1303,Vente de voyages
G,"Hôtellerie-Restauration, Tourisme, Loisirs et Animation",G14,Gestion et direction,6,G1401,Assistance de direction d'hôtel-restaurant
G,"Hôtellerie-Restauration, Tourisme, Loisirs et Animation",G14,Gestion et direction,6,G1402,Management d'hôtel-restaurant
G,"Hôtellerie-Restauration, Tourisme, Loisirs et Animation",G14,Gestion et direction,6,G1403,Gestion de structure de loisirs ou d'hébergement touristique
G,"Hôtellerie-Restauration, Tourisme, Loisirs et Animation",G14,Gestion et direction,6,G1404,Management d'établissement de restauration collective
G,"Hôtellerie-Restauration, Tourisme, Loisirs et Animation",G15,Personnel d'étage en hôtellerie,6,G1501,Personnel d'étage
G,"Hôtellerie-Restauration, Tourisme, Loisirs et Animation",G15,Personnel d'étage en hôtellerie,6,G1502,Personnel polyvalent d'hôtellerie
G,"Hôtellerie-Restauration, Tourisme, Loisirs et Animation",G15,Personnel d'étage en hôtellerie,6,G1503,Management du personnel d'étage
G,"Hôtellerie-Restauration, Tourisme, Loisirs et Animation",G16,Production culinaire,6,G1601,Management du personnel de cuisine
G,"Hôtellerie-Restauration, Tourisme, Loisirs et Animation",G16,Production culinaire,6,G1602,Personnel de cuisine
G,"Hôtellerie-Restauration, Tourisme, Loisirs et Animation",G16,Production culinaire,6,G1603,Personnel polyvalent en restauration
G,"Hôtellerie-Restauration, Tourisme, Loisirs et Animation",G16,Production culinaire,6,G1604,Fabrication de crêpes ou pizzas
G,"Hôtellerie-Restauration, Tourisme, Loisirs et Animation",G16,Production culinaire,6,G1605,Plonge en restauration
G,"Hôtellerie-Restauration, Tourisme, Loisirs et Animation",G17,Accueil en hôtellerie,6,G1701,Conciergerie en hôtellerie
G,"Hôtellerie-Restauration, Tourisme, Loisirs et Animation",G17,Accueil en hôtellerie,6,G1702,Personnel du hall
G,"Hôtellerie-Restauration, Tourisme, Loisirs et Animation",G17,Accueil en hôtellerie,6,G1703,Réception en hôtellerie
G,"Hôtellerie-Restauration, Tourisme, Loisirs et Animation",G18,Service,6,G1801,"Café, bar brasserie"
G,"Hôtellerie-Restauration, Tourisme, Loisirs et Animation",G18,Service,6,G1802,Management du service en restauration
G,"Hôtellerie-Restauration, Tourisme, Loisirs et Animation",G18,Service,6,G1803,Service en restauration
G,"Hôtellerie-Restauration, Tourisme, Loisirs et Animation",G18,Service,6,G1804,Sommellerie
H,Industrie,H11,Affaires et support technique client,6,H1101,Assistance et support technique client
H,Industrie,H11,Affaires et support technique client,6,H1102,Management et ingénierie d'affaires
H,Industrie,H12,"Conception, recherche, études et développement",6,H1201,Expertise technique couleur en industrie
H,Industrie,H12,"Conception, recherche, études et développement",6,H1202,Conception et dessin de produits électriques et électroniques
H,Industrie,H12,"Conception, recherche, études et développement",6,H1203,Conception et dessin produits mécaniques
H,Industrie,H12,"Conception, recherche, études et développement",6,H1204,Design industriel
H,Industrie,H12,"Conception, recherche, études et développement",6,H1205,Études - modèles en industrie des matériaux souples
H,Industrie,H12,"Conception, recherche, études et développement",6,H1206,"Management et ingénierie études, recherche et développement industriel"
H,Industrie,H12,"Conception, recherche, études et développement",6,H1207,Rédaction technique
H,Industrie,H12,"Conception, recherche, études et développement",6,H1208,Intervention technique en études et conception en automatisme
H,Industrie,H12,"Conception, recherche, études et développement",6,H1209,Intervention technique en études et développement électronique
H,Industrie,H12,"Conception, recherche, études et développement",6,H1210,"Intervention technique en études, recherche et développement"
H,Industrie,H13,Hygiène Sécurité Environnement -HSE- industriels,6,H1301,Inspection de conformité
H,Industrie,H13,Hygiène Sécurité Environnement -HSE- industriels,6,H1302,Management et ingénierie Hygiène Sécurité Environnement -HSE- industriels
H,Industrie,H13,Hygiène Sécurité Environnement -HSE- industriels,6,H1303,Intervention technique en Hygiène Sécurité Environnement -HSE- industriel
H,Industrie,H14,Méthodes et gestion industrielles,6,H1401,Management et ingénierie gestion industrielle et logistique
H,Industrie,H14,Méthodes et gestion industrielles,6,H1402,Management et ingénierie méthodes et industrialisation
H,Industrie,H14,Méthodes et gestion industrielles,6,H1403,Intervention technique en gestion industrielle et logistique
H,Industrie,H14,Méthodes et gestion industrielles,6,H1404,Intervention technique en méthodes et industrialisation
H,Industrie,H15,Qualité et analyses industrielles,6,H1501,Direction de laboratoire d'analyse industrielle
H,Industrie,H15,Qualité et analyses industrielles,6,H1502,Management et ingénierie qualité industrielle
H,Industrie,H15,Qualité et analyses industrielles,6,H1503,Intervention technique en laboratoire d'analyse industrielle
H,Industrie,H15,Qualité et analyses industrielles,6,H1504,Intervention technique en contrôle essai qualité en électricité et électronique
H,Industrie,H15,Qualité et analyses industrielles,6,H1505,Intervention technique en formulation et analyse sensorielle
H,Industrie,H15,Qualité et analyses industrielles,6,H1506,Intervention technique qualité en mécanique et travail des métaux
H,Industrie,H21,Alimentaire,6,H2101,Abattage et découpe des viandes
H,Industrie,H21,Alimentaire,6,H2102,Conduite d'équipement de production alimentaire
H,Industrie,H22,Bois,6,H2201,Assemblage d'ouvrages en bois
H,Industrie,H22,Bois,6,H2202,Conduite d'équipement de fabrication de l'ameublement et du bois
H,Industrie,H22,Bois,6,H2203,Conduite d'installation de production de panneaux bois
H,Industrie,H22,Bois,6,H2204,Encadrement des industries de l'ameublement et du bois
H,Industrie,H22,Bois,6,H2205,Première transformation de bois d'oeuvre
H,Industrie,H22,Bois,6,H2206,Réalisation de menuiserie bois et tonnellerie
H,Industrie,H22,Bois,6,H2207,Réalisation de meubles en bois
H,Industrie,H22,Bois,6,H2208,Réalisation d'ouvrages décoratifs en bois
H,Industrie,H22,Bois,6,H2209,Intervention technique en ameublement et bois
H,Industrie,H23,Chimie et pharmacie,6,H2301,Conduite d'équipement de production chimique ou pharmaceutique
H,Industrie,H24,Cuir et textile,6,H2401,"Assemblage - montage d'articles en cuirs, peaux"
H,Industrie,H24,Cuir et textile,6,H2402,Assemblage - montage de vêtements et produits textiles
H,Industrie,H24,Cuir et textile,6,H2403,Conduite de machine de fabrication de produits textiles
H,Industrie,H24,Cuir et textile,6,H2404,Conduite de machine de production et transformation des fils
H,Industrie,H24,Cuir et textile,6,H2405,Conduite de machine de textiles nontissés
H,Industrie,H24,Cuir et textile,6,H2406,Conduite de machine de traitement textile
H,Industrie,H24,Cuir et textile,6,H2407,Conduite de machine de transformation et de finition des cuirs et peaux
H,Industrie,H24,Cuir et textile,6,H2408,Conduite de machine d'impression textile
H,Industrie,H24,Cuir et textile,6,H2409,"Coupe cuir, textile et matériaux souples"
H,Industrie,H24,Cuir et textile,6,H2410,"Mise en forme, repassage et finitions en industrie textile"
H,Industrie,H24,Cuir et textile,6,H2411,Montage de prototype cuir et matériaux souples
H,Industrie,H24,Cuir et textile,6,H2412,Patronnage - gradation
H,Industrie,H24,Cuir et textile,6,H2413,"Préparation de fils, montage de métiers textiles"
H,Industrie,H24,Cuir et textile,6,H2414,Préparation et finition d'articles en cuir et matériaux souples
H,Industrie,H24,Cuir et textile,6,H2415,Contrôle en industrie du cuir et du textile
H,Industrie,H25,"Direction, encadrement et pilotage de fabrication et production industrielles",6,H2501,Encadrement de production de matériel électrique et électronique
H,Industrie,H25,"Direction, encadrement et pilotage de fabrication et production industrielles",6,H2502,Management et ingénierie de production
H,Industrie,H25,"Direction, encadrement et pilotage de fabrication et production industrielles",6,H2503,Pilotage d'unité élémentaire de production mécanique ou de travail des métaux
H,Industrie,H25,"Direction, encadrement et pilotage de fabrication et production industrielles",6,H2504,Encadrement d'équipe en industrie de transformation
H,Industrie,H25,"Direction, encadrement et pilotage de fabrication et production industrielles",6,H2505,Encadrement d'équipe ou d'atelier en matériaux souples
H,Industrie,H26,Electronique et électricité,6,H2601,Bobinage électrique
H,Industrie,H26,Electronique et électricité,6,H2602,Câblage électrique et électromécanique
H,Industrie,H26,Electronique et électricité,6,H2603,"Conduite d'installation automatisée de production électrique, électronique et microélectronique"
H,Industrie,H26,Electronique et électricité,6,H2604,Montage de produits électriques et électroniques
H,Industrie,H26,Electronique et électricité,6,H2605,Montage et câblage électronique
H,Industrie,H27,Energie,6,H2701,Pilotage d'installation énergétique et pétrochimique
H,Industrie,H28,"Matériaux de construction, céramique et verre",6,H2801,Conduite d'équipement de transformation du verre
H,Industrie,H28,"Matériaux de construction, céramique et verre",6,H2802,Conduite d'installation de production de matériaux de construction
H,Industrie,H28,"Matériaux de construction, céramique et verre",6,H2803,Façonnage et émaillage en industrie céramique
H,Industrie,H28,"Matériaux de construction, céramique et verre",6,H2804,"Pilotage de centrale à béton prêt à l'emploi, ciment, enrobés et granulats"
H,Industrie,H28,"Matériaux de construction, céramique et verre",6,H2805,Pilotage d'installation de production verrière
H,Industrie,H29,"Mécanique, travail des métaux et outillage",6,H2901,Ajustement et montage de fabrication
H,Industrie,H29,"Mécanique, travail des métaux et outillage",6,H2902,Chaudronnerie - tôlerie
H,Industrie,H29,"Mécanique, travail des métaux et outillage",6,H2903,Conduite d'équipement d'usinage
H,Industrie,H29,"Mécanique, travail des métaux et outillage",6,H2904,Conduite d'équipement de déformation des métaux
H,Industrie,H29,"Mécanique, travail des métaux et outillage",6,H2905,Conduite d'équipement de formage et découpage des matériaux
H,Industrie,H29,"Mécanique, travail des métaux et outillage",6,H2906,Conduite d'installation automatisée ou robotisée de fabrication mécanique
H,Industrie,H29,"Mécanique, travail des métaux et outillage",6,H2907,Conduite d'installation de production des métaux
H,Industrie,H29,"Mécanique, travail des métaux et outillage",6,H2908,Modelage de matériaux non métalliques
H,Industrie,H29,"Mécanique, travail des métaux et outillage",6,H2909,Montage-assemblage mécanique
H,Industrie,H29,"Mécanique, travail des métaux et outillage",6,H2910,Moulage sable
H,Industrie,H29,"Mécanique, travail des métaux et outillage",6,H2911,Réalisation de structures métalliques
H,Industrie,H29,"Mécanique, travail des métaux et outillage",6,H2912,Réglage d'équipement de production industrielle
H,Industrie,H29,"Mécanique, travail des métaux et outillage",6,H2913,Soudage manuel
H,Industrie,H29,"Mécanique, travail des métaux et outillage",6,H2914,Réalisation et montage en tuyauterie
H,Industrie,H31,Papier et carton,6,H3101,Conduite d'équipement de fabrication de papier ou de carton
H,Industrie,H31,Papier et carton,6,H3102,Conduite d'installation de pâte à papier
H,Industrie,H32,"Plastique, caoutchouc",6,H3201,Conduite d'équipement de formage des plastiques et caoutchoucs
H,Industrie,H32,"Plastique, caoutchouc",6,H3202,Réglage d'équipement de formage des plastiques et caoutchoucs
H,Industrie,H32,"Plastique, caoutchouc",6,H3203,Fabrication de pièces en matériaux composites
H,Industrie,H33,Préparation et conditionnement,6,H3301,Conduite d'équipement de conditionnement
H,Industrie,H33,Préparation et conditionnement,6,H3302,"Opérations manuelles d'assemblage, tri ou emballage"
H,Industrie,H33,Préparation et conditionnement,6,H3303,"Préparation de matières et produits industriels (broyage, mélange, ...)"
H,Industrie,H34,Traitements thermiques et traitements de surfaces,6,H3401,Conduite de traitement d'abrasion de surface
H,Industrie,H34,Traitements thermiques et traitements de surfaces,6,H3402,Conduite de traitement par dépôt de surface
H,Industrie,H34,Traitements thermiques et traitements de surfaces,6,H3403,Conduite de traitement thermique
H,Industrie,H34,Traitements thermiques et traitements de surfaces,6,H3404,Peinture industrielle
I,Installation et Maintenance,I11,Encadrement,6,I1101,Direction et ingénierie en entretien infrastructure et bâti
I,Installation et Maintenance,I11,Encadrement,6,I1102,Management et ingénierie de maintenance industrielle
I,Installation et Maintenance,I11,Encadrement,6,I1103,Supervision d'entretien et gestion de véhicules
I,Installation et Maintenance,I12,Entretien technique,6,I1201,Entretien d'affichage et mobilier urbain
I,Installation et Maintenance,I12,Entretien technique,6,I1202,Entretien et surveillance du tracé routier
I,Installation et Maintenance,I12,Entretien technique,6,I1203,Maintenance des bâtiments et des locaux
I,Installation et Maintenance,I13,"Equipements de production, équipements collectifs",6,I1301,Installation et maintenance d'ascenseurs
I,Installation et Maintenance,I13,"Equipements de production, équipements collectifs",6,I1302,Installation et maintenance d'automatismes
I,Installation et Maintenance,I13,"Equipements de production, équipements collectifs",6,I1303,Installation et maintenance de distributeurs automatiques
I,Installation et Maintenance,I13,"Equipements de production, équipements collectifs",6,I1304,Installation et maintenance d'équipements industriels et d'exploitation
I,Installation et Maintenance,I13,"Equipements de production, équipements collectifs",6,I1305,Installation et maintenance électronique
I,Installation et Maintenance,I13,"Equipements de production, équipements collectifs",6,I1306,"Installation et maintenance en froid, conditionnement d'air"
I,Installation et Maintenance,I13,"Equipements de production, équipements collectifs",6,I1307,Installation et maintenance télécoms et courants faibles
I,Installation et Maintenance,I13,"Equipements de production, équipements collectifs",6,I1308,Maintenance d'installation de chauffage
I,Installation et Maintenance,I13,"Equipements de production, équipements collectifs",6,I1309,Maintenance électrique
I,Installation et Maintenance,I13,"Equipements de production, équipements collectifs",6,I1310,Maintenance mécanique industrielle
I,Installation et Maintenance,I14,Equipements domestiques et informatique,6,I1401,Maintenance informatique et bureautique
I,Installation et Maintenance,I14,Equipements domestiques et informatique,6,I1402,Réparation de biens électrodomestiques et multimédia
I,Installation et Maintenance,I15,Travaux d'accès difficile,6,I1501,Intervention en grande hauteur
I,Installation et Maintenance,I15,Travaux d'accès difficile,6,I1502,Intervention en milieu subaquatique
I,Installation et Maintenance,I15,Travaux d'accès difficile,6,I1503,Intervention en milieux et produits nocifs
I,Installation et Maintenance,I16,"Véhicules, engins, aéronefs",6,I1601,Installation et maintenance en nautisme
I,Installation et Maintenance,I16,"Véhicules, engins, aéronefs",6,I1602,Maintenance d'aéronefs
I,Installation et Maintenance,I16,"Véhicules, engins, aéronefs",6,I1603,"Maintenance d'engins de chantier, levage, manutention et de machines agricoles"
I,Installation et Maintenance,I16,"Véhicules, engins, aéronefs",6,I1604,Mécanique automobile et entretien de véhicules
I,Installation et Maintenance,I16,"Véhicules, engins, aéronefs",6,I1605,Mécanique de marine
I,Installation et Maintenance,I16,"Véhicules, engins, aéronefs",6,I1606,Réparation de carrosserie
I,Installation et Maintenance,I16,"Véhicules, engins, aéronefs",6,I1607,"Réparation de cycles, motocycles et motoculteurs de loisirs"
J,Santé,J11,Praticiens médicaux,6,J1101,Médecine de prévention
J,Santé,J11,Praticiens médicaux,6,J1102,Médecine généraliste et spécialisée
J,Santé,J11,Praticiens médicaux,6,J1103,Médecine dentaire
J,Santé,J11,Praticiens médicaux,6,J1104,Suivi de la grossesse et de l'accouchement
J,Santé,J12,Praticiens médico-techniques,6,J1201,Biologie médicale
J,Santé,J12,Praticiens médico-techniques,6,J1202,Pharmacie
J,Santé,J13,Professionnels médico-techniques,6,J1301,Personnel polyvalent des services hospitaliers
J,Santé,J13,Professionnels médico-techniques,6,J1302,Analyses médicales
J,Santé,J13,Professionnels médico-techniques,6,J1303,Assistance médico-technique
J,Santé,J13,Professionnels médico-techniques,6,J1304,Aide en puériculture
J,Santé,J13,Professionnels médico-techniques,6,J1305,Conduite de véhicules sanitaires
J,Santé,J13,Professionnels médico-techniques,6,J1306,Imagerie médicale
J,Santé,J13,Professionnels médico-techniques,6,J1307,Préparation en pharmacie
J,Santé,J14,Rééducation et appareillage,6,J1401,Audioprothèses
J,Santé,J14,Rééducation et appareillage,6,J1402,Diététique
J,Santé,J14,Rééducation et appareillage,6,J1403,Ergothérapie
J,Santé,J14,Rééducation et appareillage,6,J1404,Kinésithérapie
J,Santé,J14,Rééducation et appareillage,6,J1405,Optique - lunetterie
J,Santé,J14,Rééducation et appareillage,6,J1406,Orthophonie
J,Santé,J14,Rééducation et appareillage,6,J1407,Orthoptique
J,Santé,J14,Rééducation et appareillage,6,J1408,Ostéopathie et chiropraxie
J,Santé,J14,Rééducation et appareillage,6,J1409,Pédicurie et podologie
J,Santé,J14,Rééducation et appareillage,6,J1410,Prothèses dentaires
J,Santé,J14,Rééducation et appareillage,6,J1411,Prothèses et orthèses
J,Santé,J14,Rééducation et appareillage,6,J1412,Rééducation en psychomotricité
J,Santé,J15,Soins paramédicaux,6,J1501,"Soins d'hygiène, de confort du patient"
J,Santé,J15,Soins paramédicaux,6,J1502,Coordination de services médicaux ou paramédicaux
J,Santé,J15,Soins paramédicaux,6,J1503,Soins infirmiers spécialisés en anesthésie
J,Santé,J15,Soins paramédicaux,6,J1504,Soins infirmiers spécialisés en bloc opératoire
J,Santé,J15,Soins paramédicaux,6,J1505,Soins infirmiers spécialisés en prévention
J,Santé,J15,Soins paramédicaux,6,J1506,Soins infirmiers généralistes
J,Santé,J15,Soins paramédicaux,6,J1507,Soins infirmiers spécialisés en puériculture
K,Services à la personne et à la collectivité,K11,Accompagnement de la personne,6,K1101,Accompagnement et médiation familiale
K,Services à la personne et à la collectivité,K11,Accompagnement de la personne,6,K1102,Aide aux bénéficiaires d'une mesure de protection juridique
K,Services à la personne et à la collectivité,K11,Accompagnement de la personne,6,K1103,Développement personnel et bien-être de la personne
K,Services à la personne et à la collectivité,K11,Accompagnement de la personne,6,K1104,Psychologie
K,Services à la personne et à la collectivité,K12,"Action sociale, socio-éducative et socio-culturelle",6,K1201,Action sociale
K,Services à la personne et à la collectivité,K12,"Action sociale, socio-éducative et socio-culturelle",6,K1202,Éducation de jeunes enfants
K,Services à la personne et à la collectivité,K12,"Action sociale, socio-éducative et socio-culturelle",6,K1203,Encadrement technique en insertion professionnelle
K,Services à la personne et à la collectivité,K12,"Action sociale, socio-éducative et socio-culturelle",6,K1204,Médiation sociale et facilitation de la vie en société
K,Services à la personne et à la collectivité,K12,"Action sociale, socio-éducative et socio-culturelle",6,K1205,Information sociale
K,Services à la personne et à la collectivité,K12,"Action sociale, socio-éducative et socio-culturelle",6,K1206,Intervention socioculturelle
K,Services à la personne et à la collectivité,K12,"Action sociale, socio-éducative et socio-culturelle",6,K1207,Intervention socioéducative
K,Services à la personne et à la collectivité,K13,Aide à la vie quotidienne,6,K1301,Accompagnement médicosocial
K,Services à la personne et à la collectivité,K13,Aide à la vie quotidienne,6,K1302,Assistance auprès d'adultes
K,Services à la personne et à la collectivité,K13,Aide à la vie quotidienne,6,K1303,Assistance auprès d'enfants
K,Services à la personne et à la collectivité,K13,Aide à la vie quotidienne,6,K1304,Services domestiques
K,Services à la personne et à la collectivité,K13,Aide à la vie quotidienne,6,K1305,Intervention sociale et familiale
K,Services à la personne et à la collectivité,K14,Conception et mise en oeuvre des politiques publiques,6,K1401,Conception et pilotage de la politique des pouvoirs publics
K,Services à la personne et à la collectivité,K14,Conception et mise en oeuvre des politiques publiques,6,K1402,Conseil en Santé Publique
K,Services à la personne et à la collectivité,K14,Conception et mise en oeuvre des politiques publiques,6,K1403,"Management de structure de santé, sociale ou pénitentiaire"
K,Services à la personne et à la collectivité,K14,Conception et mise en oeuvre des politiques publiques,6,K1404,Mise en oeuvre et pilotage de la politique des pouvoirs publics
K,Services à la personne et à la collectivité,K14,Conception et mise en oeuvre des politiques publiques,6,K1405,Représentation de l'État sur le territoire national ou international
K,Services à la personne et à la collectivité,K15,Contrôle public,6,K1501,Application des règles financières publiques
K,Services à la personne et à la collectivité,K15,Contrôle public,6,K1502,Contrôle et inspection des Affaires Sociales
K,Services à la personne et à la collectivité,K15,Contrôle public,6,K1503,Contrôle et inspection des impôts
K,Services à la personne et à la collectivité,K15,Contrôle public,6,K1504,Contrôle et inspection du Trésor Public
K,Services à la personne et à la collectivité,K15,Contrôle public,6,K1505,Protection des consommateurs et contrôle des échanges commerciaux
K,Services à la personne et à la collectivité,K16,Culture et gestion documentaire,6,K1601,Gestion de l'information et de la documentation
K,Services à la personne et à la collectivité,K16,Culture et gestion documentaire,6,K1602,Gestion de patrimoine culturel
K,Services à la personne et à la collectivité,K17,"Défense, sécurité publique et secours",6,K1701,Personnel de la Défense
K,Services à la personne et à la collectivité,K17,"Défense, sécurité publique et secours",6,K1702,Direction de la sécurité civile et des secours
K,Services à la personne et à la collectivité,K17,"Défense, sécurité publique et secours",6,K1703,Direction opérationnelle de la défense
K,Services à la personne et à la collectivité,K17,"Défense, sécurité publique et secours",6,K1704,Management de la sécurité publique
K,Services à la personne et à la collectivité,K17,"Défense, sécurité publique et secours",6,K1705,Sécurité civile et secours
K,Services à la personne et à la collectivité,K17,"Défense, sécurité publique et secours",6,K1706,Sécurité publique
K,Services à la personne et à la collectivité,K17,"Défense, sécurité publique et secours",6,K1707,Surveillance municipale
K,Services à la personne et à la collectivité,K18,Développement territorial et emploi,6,K1801,Conseil en emploi et insertion socioprofessionnelle
K,Services à la personne et à la collectivité,K18,Développement territorial et emploi,6,K1802,Développement local
K,Services à la personne et à la collectivité,K19,Droit,6,K1901,Aide et médiation judiciaire
K,Services à la personne et à la collectivité,K19,Droit,6,K1902,Collaboration juridique
K,Services à la personne et à la collectivité,K19,Droit,6,K1903,Défense et conseil juridique
K,Services à la personne et à la collectivité,K19,Droit,6,K1904,Magistrature
K,Services à la personne et à la collectivité,K21,Formation initiale et continue,6,K2101,Conseil en formation
K,Services à la personne et à la collectivité,K21,Formation initiale et continue,6,K2102,Coordination pédagogique
K,Services à la personne et à la collectivité,K21,Formation initiale et continue,6,K2103,Direction d'établissement et d'enseignement
K,Services à la personne et à la collectivité,K21,Formation initiale et continue,6,K2104,Éducation et surveillance au sein d'établissements d'enseignement
K,Services à la personne et à la collectivité,K21,Formation initiale et continue,6,K2105,Enseignement artistique
K,Services à la personne et à la collectivité,K21,Formation initiale et continue,6,K2106,Enseignement des écoles
K,Services à la personne et à la collectivité,K21,Formation initiale et continue,6,K2107,Enseignement général du second degré
K,Services à la personne et à la collectivité,K21,Formation initiale et continue,6,K2108,Enseignement supérieur
K,Services à la personne et à la collectivité,K21,Formation initiale et continue,6,K2109,Enseignement technique et professionnel
K,Services à la personne et à la collectivité,K21,Formation initiale et continue,6,K2110,Formation en conduite de véhicules
K,Services à la personne et à la collectivité,K21,Formation initiale et continue,6,K2111,Formation professionnelle
K,Services à la personne et à la collectivité,K21,Formation initiale et continue,6,K2112,Orientation scolaire et professionnelle
K,Services à la personne et à la collectivité,K22,Nettoyage et propreté industriels,6,K2201,Blanchisserie industrielle
K,Services à la personne et à la collectivité,K22,Nettoyage et propreté industriels,6,K2202,Lavage de vitres
K,Services à la personne et à la collectivité,K22,Nettoyage et propreté industriels,6,K2203,Management et inspection en propreté de locaux
K,Services à la personne et à la collectivité,K22,Nettoyage et propreté industriels,6,K2204,Nettoyage de locaux
K,Services à la personne et à la collectivité,K23,Propreté et environnement urbain,6,K2301,Distribution et assainissement d'eau
K,Services à la personne et à la collectivité,K23,Propreté et environnement urbain,6,K2302,Management et inspection en environnement urbain
K,Services à la personne et à la collectivité,K23,Propreté et environnement urbain,6,K2303,Nettoyage des espaces urbains
K,Services à la personne et à la collectivité,K23,Propreté et environnement urbain,6,K2304,Revalorisation de produits industriels
K,Services à la personne et à la collectivité,K23,Propreté et environnement urbain,6,K2305,Salubrité et traitement de nuisibles
K,Services à la personne et à la collectivité,K23,Propreté et environnement urbain,6,K2306,Supervision d'exploitation éco-industrielle
K,Services à la personne et à la collectivité,K24,Recherche,6,K2401,Recherche en sciences de l'homme et de la société
K,Services à la personne et à la collectivité,K24,Recherche,6,K2402,"Recherche en sciences de l'univers, de la matière et du vivant"
K,Services à la personne et à la collectivité,K25,Sécurité privée,6,K2501,Gardiennage de locaux
K,Services à la personne et à la collectivité,K25,Sécurité privée,6,K2502,Management de sécurité privée
K,Services à la personne et à la collectivité,K25,Sécurité privée,6,K2503,Sécurité et surveillance privées
K,Services à la personne et à la collectivité,K26,Services funéraires,6,K2601,Conduite d'opérations funéraires
K,Services à la personne et à la collectivité,K26,Services funéraires,6,K2602,Conseil en services funéraires
K,Services à la personne et à la collectivité,K26,Services funéraires,6,K2603,Thanatopraxie
L,Spectacle,L11,Animation de spectacles,6,L1101,Animation musicale et scénique
L,Spectacle,L11,Animation de spectacles,6,L1102,Mannequinat et pose artistique
L,Spectacle,L11,Animation de spectacles,6,L1103,Présentation de spectacles ou d'émissions
L,Spectacle,L12,Artistes - interprètes du spectacle,6,L1201,Danse
L,Spectacle,L12,Artistes - interprètes du spectacle,6,L1202,Musique et chant
L,Spectacle,L12,Artistes - interprètes du spectacle,6,L1203,Art dramatique
L,Spectacle,L12,Artistes - interprètes du spectacle,6,L1204,Arts du cirque et arts visuels
L,Spectacle,L13,Conception et production de spectacles,6,L1301,Mise en scène de spectacles vivants
L,Spectacle,L13,Conception et production de spectacles,6,L1302,"Production et administration spectacle, cinéma et audiovisuel"
L,Spectacle,L13,Conception et production de spectacles,6,L1303,Promotion d'artistes et de spectacles
L,Spectacle,L13,Conception et production de spectacles,6,L1304,Réalisation cinématographique et audiovisuelle
L,Spectacle,L14,Sport professionnel,6,L1401,Sportif professionnel
L,Spectacle,L15,Techniciens du spectacle,6,L1501,Coiffure et maquillage spectacle
L,Spectacle,L15,Techniciens du spectacle,6,L1502,Costume et habillage spectacle
L,Spectacle,L15,Techniciens du spectacle,6,L1503,Décor et accessoires spectacle
L,Spectacle,L15,Techniciens du spectacle,6,L1504,Éclairage spectacle
L,Spectacle,L15,Techniciens du spectacle,6,L1505,Image cinématographique et télévisuelle
L,Spectacle,L15,Techniciens du spectacle,6,L1506,Machinerie spectacle
L,Spectacle,L15,Techniciens du spectacle,6,L1507,Montage audiovisuel et post-production
L,Spectacle,L15,Techniciens du spectacle,6,L1508,Prise de son et sonorisation
L,Spectacle,L15,Techniciens du spectacle,6,L1509,Régie générale
L,Spectacle,L15,Techniciens du spectacle,6,L1510,Films d'animation et effets spéciaux
M,Support à l'entreprise,M11,Achats,6,M1101,Achats
M,Support à l'entreprise,M11,Achats,6,M1102,Direction des achats
M,Support à l'entreprise,M12,Comptabilité et gestion,6,M1201,Analyse et ingénierie financière
M,Support à l'entreprise,M12,Comptabilité et gestion,6,M1202,Audit et contrôle comptables et financiers
M,Support à l'entreprise,M12,Comptabilité et gestion,6,M1203,Comptabilité
M,Support à l'entreprise,M12,Comptabilité et gestion,6,M1204,Contrôle de gestion
M,Support à l'entreprise,M12,Comptabilité et gestion,6,M1205,Direction administrative et financière
M,Support à l'entreprise,M12,Comptabilité et gestion,6,M1206,Management de groupe ou de service comptable
M,Support à l'entreprise,M12,Comptabilité et gestion,6,M1207,Trésorerie et financement
M,Support à l'entreprise,M13,Direction d'entreprise,6,M1301,Direction de grande entreprise ou d'établissement public
M,Support à l'entreprise,M13,Direction d'entreprise,6,M1302,Direction de petite ou moyenne entreprise
M,Support à l'entreprise,M14,Organisation et études,6,M1401,Conduite d'enquêtes
M,Support à l'entreprise,M14,Organisation et études,6,M1402,Conseil en organisation et management d'entreprise
M,Support à l'entreprise,M14,Organisation et études,6,M1403,Études et prospectives socio-économiques
M,Support à l'entreprise,M14,Organisation et études,6,M1404,Management et gestion d'enquêtes
M,Support à l'entreprise,M15,Ressources humaines,6,M1501,Assistanat en ressources humaines
M,Support à l'entreprise,M15,Ressources humaines,6,M1502,Développement des ressources humaines
M,Support à l'entreprise,M15,Ressources humaines,6,M1503,Management des ressources humaines
M,Support à l'entreprise,M16,Secrétariat et assistance,6,M1601,Accueil et renseignements
M,Support à l'entreprise,M16,Secrétariat et assistance,6,M1602,Opérations administratives
M,Support à l'entreprise,M16,Secrétariat et assistance,6,M1603,Distribution de documents
M,Support à l'entreprise,M16,Secrétariat et assistance,6,M1604,Assistanat de direction
M,Support à l'entreprise,M16,Secrétariat et assistance,6,M1605,Assistanat technique et administratif
M,Support à l'entreprise,M16,Secrétariat et assistance,6,M1606,Saisie de données
M,Support à l'entreprise,M16,Secrétariat et assistance,6,M1607,Secrétariat
M,Support à l'entreprise,M16,Secrétariat et assistance,6,M1608,Secrétariat comptable
M,Support à l'entreprise,M16,Secrétariat et assistance,6,M1609,Secrétariat et assistanat médical ou médico-social
M,Support à l'entreprise,M17,"Stratégie commerciale, marketing et supervision des ventes",6,M1701,Administration des ventes
M,Support à l'entreprise,M17,"Stratégie commerciale, marketing et supervision des ventes",6,M1702,Analyse de tendance
M,Support à l'entreprise,M17,"Stratégie commerciale, marketing et supervision des ventes",6,M1703,Management et gestion de produit
M,Support à l'entreprise,M17,"Stratégie commerciale, marketing et supervision des ventes",6,M1704,Management relation clientèle
M,Support à l'entreprise,M17,"Stratégie commerciale, marketing et supervision des ventes",6,M1705,Marketing
M,Support à l'entreprise,M17,"Stratégie commerciale, marketing et supervision des ventes",6,M1706,Promotion des ventes
M,Support à l'entreprise,M17,"Stratégie commerciale, marketing et supervision des ventes",6,M1707,Stratégie commerciale
M,Support à l'entreprise,M18,Systèmes d'information et de télécommunication,6,M1801,Administration de systèmes d'information
M,Support à l'entreprise,M18,Systèmes d'information et de télécommunication,6,M1802,Expertise et support en systèmes d'information
M,Support à l'entreprise,M18,Systèmes d'information et de télécommunication,6,M1803,Direction des systèmes d'information
M,Support à l'entreprise,M18,Systèmes d'information et de télécommunication,6,M1804,Études et développement de réseaux de télécoms
M,Support à l'entreprise,M18,Systèmes d'information et de télécommunication,6,M1805,Études et développement informatique
M,Support à l'entreprise,M18,Systèmes d'information et de télécommunication,6,M1806,Conseil et maîtrise d'ouvrage en systèmes d'information
M,Support à l'entreprise,M18,Systèmes d'information et de télécommunication,6,M1807,Exploitation de systèmes de communication et de commandement
M,Support à l'entreprise,M18,Systèmes d'information et de télécommunication,6,M1808,Information géographique
M,Support à l'entreprise,M18,Systèmes d'information et de télécommunication,6,M1809,Information météorologique
M,Support à l'entreprise,M18,Systèmes d'information et de télécommunication,6,M1810,Production et exploitation de systèmes d'information
N,Transport et Logistique,N11,"Magasinage, manutention des charges et déménagement",6,N1101,Conduite d'engins de déplacement des charges
N,Transport et Logistique,N11,"Magasinage, manutention des charges et déménagement",6,N1102,Déménagement
N,Transport et Logistique,N11,"Magasinage, manutention des charges et déménagement",6,N1103,Magasinage et préparation de commandes
N,Transport et Logistique,N11,"Magasinage, manutention des charges et déménagement",6,N1104,Manoeuvre et conduite d'engins lourds de manutention
N,Transport et Logistique,N11,"Magasinage, manutention des charges et déménagement",6,N1105,Manutention manuelle de charges
N,Transport et Logistique,N12,Organisation de la circulation des marchandises,6,N1201,Affrètement transport
N,Transport et Logistique,N12,Organisation de la circulation des marchandises,6,N1202,Gestion des opérations de circulation internationale des marchandises
N,Transport et Logistique,N13,Personnel d'encadrement de la logistique,6,N1301,Conception et organisation de la chaîne logistique
N,Transport et Logistique,N13,Personnel d'encadrement de la logistique,6,N1302,Direction de site logistique
N,Transport et Logistique,N13,Personnel d'encadrement de la logistique,6,N1303,Intervention technique d'exploitation logistique
N,Transport et Logistique,N21,Personnel navigant du transport aérien,6,N2101,Navigation commerciale aérienne
N,Transport et Logistique,N21,Personnel navigant du transport aérien,6,N2102,Pilotage et navigation technique aérienne
N,Transport et Logistique,N22,Personnel sédentaire du transport aérien,6,N2201,Personnel d'escale aéroportuaire
N,Transport et Logistique,N22,Personnel sédentaire du transport aérien,6,N2202,Contrôle de la navigation aérienne
N,Transport et Logistique,N22,Personnel sédentaire du transport aérien,6,N2203,Exploitation des pistes aéroportuaires
N,Transport et Logistique,N22,Personnel sédentaire du transport aérien,6,N2204,Préparation des vols
N,Transport et Logistique,N22,Personnel sédentaire du transport aérien,6,N2205,Direction d'escale et exploitation aéroportuaire
N,Transport et Logistique,N31,Personnel navigant du transport maritime et fluvial,6,N3101,Encadrement de la navigation maritime
N,Transport et Logistique,N31,Personnel navigant du transport maritime et fluvial,6,N3102,Équipage de la navigation maritime
N,Transport et Logistique,N31,Personnel navigant du transport maritime et fluvial,6,N3103,Navigation fluviale
N,Transport et Logistique,N32,Personnel sédentaire du transport maritime et fluvial,6,N3201,Exploitation des opérations portuaires et du transport maritime
N,Transport et Logistique,N32,Personnel sédentaire du transport maritime et fluvial,6,N3202,Exploitation du transport fluvial
N,Transport et Logistique,N32,Personnel sédentaire du transport maritime et fluvial,6,N3203,Manutention portuaire
N,Transport et Logistique,N41,Personnel de conduite du transport routier,6,N4101,Conduite de transport de marchandises sur longue distance
N,Transport et Logistique,N41,Personnel de conduite du transport routier,6,N4102,Conduite de transport de particuliers
N,Transport et Logistique,N41,Personnel de conduite du transport routier,6,N4103,Conduite de transport en commun sur route
N,Transport et Logistique,N41,Personnel de conduite du transport routier,6,N4104,Courses et livraisons express
N,Transport et Logistique,N41,Personnel de conduite du transport routier,6,N4105,Conduite et livraison par tournées sur courte distance
N,Transport et Logistique,N42,Personnel d'encadrement du transport routier,6,N4201,Direction d'exploitation des transports routiers de marchandises
N,Transport et Logistique,N42,Personnel d'encadrement du transport routier,6,N4202,Direction d'exploitation des transports routiers de personnes
N,Transport et Logistique,N42,Personnel d'encadrement du transport routier,6,N4203,Intervention technique d'exploitation des transports routiers de marchandises
N,Transport et Logistique,N42,Personnel d'encadrement du transport routier,6,N4204,Intervention technique d'exploitation des transports routiers de personnes
N,Transport et Logistique,N43,Personnel navigant du transport terrestre,6,N4301,Conduite sur rails
N,Transport et Logistique,N43,Personnel navigant du transport terrestre,6,N4302,Contrôle des transports en commun
N,Transport et Logistique,N44,Personnel sédentaire du transport ferroviaire et réseau filo guidé,6,N4401,Circulation du réseau ferré
N,Transport et Logistique,N44,Personnel sédentaire du transport ferroviaire et réseau filo guidé,6,N4402,Exploitation et manoeuvre des remontées mécaniques
N,Transport et Logistique,N44,Personnel sédentaire du transport ferroviaire et réseau filo guidé,6,N4403,Manoeuvre du réseau ferré
